{
    "Linear Regression": {
        "r2_score": 0.907248354122088,
        "mae": 1.9727642631598934,
        "mse": 6.467365894654722,
        "rmse": 2.543101628849056,
        "best_params": {}
    },
    "Decision Tree": {
        "r2_score": 0.6324623399053687,
        "mae": 4.1076690247058725,
        "mse": 25.627583267104928,
        "rmse": 5.06236933333641,
        "best_params": {
            "criterion": "poisson",
            "max_depth": 5
        }
    },
    "Random Forest": {
        "r2_score": 0.8229419433775644,
        "mae": 2.86080078125,
        "mse": 12.345864334106444,
        "rmse": 3.513668216281447,
        "best_params": {
            "max_depth": null,
            "n_estimators": 256
        }
    },
    "AdaBoost Regressor": {
        "r2_score": 0.8134745249804729,
        "mae": 2.994526795151944,
        "mse": 13.006006353929711,
        "rmse": 3.606384110702812,
        "best_params": {
            "learning_rate": 0.5,
            "n_estimators": 256
        }
    },
    "Gradient Boosting": {
        "r2_score": 0.8796780516749586,
        "mae": 2.295174050960752,
        "mse": 8.389781740370111,
        "rmse": 2.896511995550875,
        "best_params": {
            "learning_rate": 0.1,
            "n_estimators": 128,
            "subsample": 0.8
        }
    },
    "XGBRegressor": {
        "r2_score": 0.8761145929436144,
        "mae": 2.3090820693969727,
        "mse": 8.638253789011069,
        "rmse": 2.9390906398086925,
        "best_params": {
            "learning_rate": 0.1,
            "max_depth": 3,
            "n_estimators": 128
        }
    },
    "CatBoosting Regressor": {
        "r2_score": 0.8840452791852804,
        "mae": 2.2573019498083444,
        "mse": 8.085264683156588,
        "rmse": 2.843459984447924,
        "best_params": {
            "depth": 6,
            "iterations": 100,
            "learning_rate": 0.1
        }
    }
}